YEAR,MONTH,CARRIER,CARRIER_ID,CARRIER_WAC,ORIGIN,ORIGIN_AIRPORT_ID,ORIGIN_CITY_MARKET_ID,ORIGIN_WAC,DEST,DEST_AIRPORT_ID,DEST_CITY_MARKET_ID,DEST_WAC,AIRCRAFT_GROUP,AIRCRAFT_TYPE,AIRCRAFT_CONFIG,SERVICE_CLASS,DATA_SOURCE,DEPARTURES_SCHEDULED,DEPARTURES_PERFORMED,PAYLOAD,SEATS,PASSENGERS,FREIGHT,MAIL,DISTANCE,RAMP_TO_RAMP,AIR_TIME,CARRIER_WAC2
2023,1,EWR,31703.0,21,"Newark, NJ",KEF,32651.0,439,"Keflavik/Reykjavik, Iceland",FI,9439A,0,2601,F,6,838,1,15,0,594000,2392,2136,0,0,0,0,439,
2023,1,EWR,31703.0,21,"Newark, NJ",KEF,32651.0,439,"Keflavik/Reykjavik, Iceland",FI,9439A,0,2601,F,6,634,1,15,0,660000,2670,1893,0,0,0,0,439,
2023,1,KEF,32651.0,439,"Keflavik/Reykjavik, Iceland",EWR,31703.0,21,"Newark, NJ",UA,10874,3,2601,F,6,626,1,1,0,75154,167,92,0,0,394,364,10,
2023,1,KEF,32651.0,439,"Keflavik/Reykjavik, Iceland",EWR,31703.0,21,"Newark, NJ",36Q,71190,0,2601,P,6,833,2,12,0,58476,0,0,8228,0,0,0,429,
2023,1,KEF,32651.0,439,"Keflavik/Reykjavik, Iceland",EWR,31703.0,21,"Newark, NJ",FI,9439A,0,2601,F,6,838,1,15,0,594000,2392,2050,77218,0,0,0,439,
2023,1,KEF,32651.0,439,"Keflavik/Reykjavik, Iceland",EWR,31703.0,21,"Newark, NJ",FI,9439A,0,2601,F,6,634,1,14,0,616000,2492,2067,84300,0,0,0,439,
2023,2,EWR,31703.0,21,"Newark, NJ",KEF,32651.0,439,"Keflavik/Reykjavik, Iceland",FI,9439A,0,2601,F,6,838,1,6,0,237600,960,831,0,0,0,0,439,
2023,2,EWR,31703.0,21,"Newark, NJ",KEF,32651.0,439,"Keflavik/Reykjavik, Iceland",FI,9439A,0,2601,F,6,634,1,19,0,836000,3382,2805,383,0,0,0,439,
2023,2,KEF,32651.0,439,"Keflavik/Reykjavik, Iceland",EWR,31703.0,21,"Newark, NJ",36Q,71190,0,2601,P,6,833,2,1,0,4873,0,0,1168,0,0,0,429,
2023,2,KEF,32651.0,439,"Keflavik/Reykjavik, Iceland",EWR,31703.0,21,"Newark, NJ",FI,9439A,0,2601,F,6,838,1,6,0,237600,960,855,36190,0,0,0,439,
2023,2,KEF,32651.0,439,"Keflavik/Reykjavik, Iceland",EWR,31703.0,21,"Newark, NJ",FI,9439A,0,2601,F,6,634,1,20,0,880000,3560,2624,117036,0,0,0,439,
2023,3,EWR,31703.0,21,"Newark, NJ",KEF,32651.0,439,"Keflavik/Reykjavik, Iceland",FI,9439A,0,2601,F,6,838,1,6,0,237600,960,831,0,0,0,0,439,
2023,3,EWR,31703.0,21,"Newark, NJ",KEF,32651.0,439,"Keflavik/Reykjavik, Iceland",FI,9439A,0,2601,F,6,634,1,19,0,836000,3382,2805,383,0,0,0,439,
2023,3,KEF,32651.0,439,"Keflavik/Reykjavik, Iceland",EWR,31703.0,21,"Newark, NJ",36Q,71190,0,2601,P,6,833,2,13,0,63349,0,0,9856,0,0,0,429,
2023,3,KEF,32651.0,439,"Keflavik/Reykjavik, Iceland",EWR,31703.0,21,"Newark, NJ",FI,9439A,0,2601,F,6,838,1,6,0,237600,960,855,36190,0,0,0,439,
2023,3,KEF,32651.0,439,"Keflavik/Reykjavik, Iceland",EWR,31703.0,21,"Newark, NJ",FI,9439A,0,2601,F,6,634,1,20,0,880000,3560,2624,117036,0,0,0,439,
2023,4,EWR,31703.0,21,"Newark, NJ",KEF,32651.0,439,"Keflavik/Reykjavik, Iceland",FI,9439A,0,2601,F,6,634,1,15,0,660000,2670,2405,0,0,0,0,439,
2023,4,EWR,31703.0,21,"Newark, NJ",KEF,32651.0,439,"Keflavik/Reykjavik, Iceland",FI,9439A,0,2601,F,6,838,1,15,0,594000,2396,2001,260,0,0,0,439,
2023,4,KEF,32651.0,439,"Keflavik/Reykjavik, Iceland",EWR,31703.0,21,"Newark, NJ",36Q,71190,0,2601,P,6,833,2,8,0,38984,0,0,6644,0,0,0,429,
2023,4,KEF,32651.0,439,"Keflavik/Reykjavik, Iceland",EWR,31703.0,21,"Newark, NJ",FI,9439A,0,2601,F,6,838,1,15,0,594000,2396,1893,83140,0,0,0,439,
2023,4,KEF,32651.0,439,"Keflavik/Reykjavik, Iceland",EWR,31703.0,21,"Newark, NJ",FI,9439A,0,2601,F,6,634,1,15,0,660000,2670,2424,71718,0,0,0,439,
2023,5,EWR,31703.0,21,"Newark, NJ",KEF,32651.0,439,"Keflavik/Reykjavik, Iceland",FI,9439A,0,2601,F,6,623,1,13,0,729300,2925,2631,535,0,0,0,439,
2023,5,EWR,31703.0,21,"Newark, NJ",KEF,32651.0,439,"Keflavik/Reykjavik, Iceland",FI,9439A,0,2601,F,6,626,1,1,0,81543,262,233,0,0,0,0,439,
2023,5,EWR,31703.0,21,"Newark, NJ",KEF,32651.0,439,"Keflavik/Reykjavik, Iceland",FI,9439A,0,2601,F,6,838,1,5,0,198000,800,737,0,0,0,0,439,
2023,5,EWR,31703.0,21,"Newark, NJ",KEF,32651.0,439,"Keflavik/Reykjavik, Iceland",FI,9439A,0,2601,F,6,634,1,12,0,528000,2136,1863,0,0,0,0,439,
2023,5,KEF,32651.0,439,"Keflavik/Reykjavik, Iceland",EWR,31703.0,21,"Newark, NJ",36Q,71190,0,2601,P,6,833,2,9,0,43857,0,0,6679,0,0,0,429,
2023,5,KEF,32651.0,439,"Keflavik/Reykjavik, Iceland",EWR,31703.0,21,"Newark, NJ",FI,9439A,0,2601,F,6,626,1,1,0,81543,262,114,6116,0,0,0,439,
2023,5,KEF,32651.0,439,"Keflavik/Reykjavik, Iceland",EWR,31703.0,21,"Newark, NJ",FI,9439A,0,2601,F,6,838,1,5,0,198000,800,638,27425,0,0,0,439,
2023,5,KEF,32651.0,439,"Keflavik/Reykjavik, Iceland",EWR,31703.0,21,"Newark, NJ",FI,9439A,0,2601,F,6,623,1,13,0,729300,2925,2412,67289,0,0,0,439,
2023,5,KEF,32651.0,439,"Keflavik/Reykjavik, Iceland",EWR,31703.0,21,"Newark, NJ",FI,9439A,0,2601,F,6,634,1,12,0,528000,2136,1311,63237,0,0,0,439,
2023,6,EWR,31703.0,21,"Newark, NJ",KEF,32651.0,439,"Keflavik/Reykjavik, Iceland",FI,9439A,0,2601,F,6,626,1,3,0,244629,786,758,1170,0,0,0,439,
2023,6,EWR,31703.0,21,"Newark, NJ",KEF,32651.0,439,"Keflavik/Reykjavik, Iceland",FI,9439A,0,2601,F,6,623,1,25,0,1402500,5625,5297,568,0,0,0,439,
2023,6,EWR,31703.0,21,"Newark, NJ",KEF,32651.0,439,"Keflavik/Reykjavik, Iceland",36Q,71190,0,2601,L,6,833,1,1,0,4873,13,2,0,0,0,0,429,
2023,6,EWR,31703.0,21,"Newark, NJ",KEF,32651.0,439,"Keflavik/Reykjavik, Iceland",FI,9439A,0,2601,F,6,622,1,2,0,99664,366,358,0,0,0,0,439,
2023,6,KEF,32651.0,439,"Keflavik/Reykjavik, Iceland",EWR,31703.0,21,"Newark, NJ",36Q,71190,0,2601,P,6,833,2,14,0,68222,0,0,12135,0,0,0,429,
2023,6,KEF,32651.0,439,"Keflavik/Reykjavik, Iceland",EWR,31703.0,21,"Newark, NJ",FI,9439A,0,2601,F,6,626,1,3,0,244629,786,695,31935,0,0,0,439,
2023,6,KEF,32651.0,439,"Keflavik/Reykjavik, Iceland",EWR,31703.0,21,"Newark, NJ",FI,9439A,0,2601,F,6,622,1,2,0,99664,376,367,17448,0,0,0,439,
2023,6,KEF,32651.0,439,"Keflavik/Reykjavik, Iceland",EWR,31703.0,21,"Newark, NJ",FI,9439A,0,2601,F,6,623,1,25,0,1402500,5625,4628,155973,0,0,0,439,
2023,7,EWR,31703.0,21,"Newark, NJ",KEF,32651.0,439,"Keflavik/Reykjavik, Iceland",FI,9439A,0,2601,F,6,623,1,24,0,1346400,5400,4614,255,0,0,0,439,
2023,7,EWR,31703.0,21,"Newark, NJ",KEF,32651.0,439,"Keflavik/Reykjavik, Iceland",FI,9439A,0,2601,F,6,622,1,7,0,348825,1281,1111,0,0,0,0,439,
2023,7,KEF,32651.0,439,"Keflavik/Reykjavik, Iceland",EWR,31703.0,21,"Newark, NJ",36Q,71190,0,2601,P,6,833,2,12,0,58476,0,0,9440,0,0,0,429,
2023,7,KEF,32651.0,439,"Keflavik/Reykjavik, Iceland",EWR,31703.0,21,"Newark, NJ",FI,9439A,0,2601,F,6,622,1,7,0,348825,1281,1248,44834,0,0,0,439,
2023,7,KEF,32651.0,439,"Keflavik/Reykjavik, Iceland",EWR,31703.0,21,"Newark, NJ",FI,9439A,0,2601,F,6,623,1,24,0,1346400,5400,5173,130810,0,0,0,439,
2023,8,EWR,31703.0,21,"Newark, NJ",KEF,32651.0,439,"Keflavik/Reykjavik, Iceland",FI,9439A,0,2601,F,6,623,1,28,0,1570800,6300,5561,792,0,0,0,439,
2023,8,EWR,31703.0,21,"Newark, NJ",KEF,32651.0,439,"Keflavik/Reykjavik, Iceland",FI,9439A,0,2601,F,6,622,1,3,0,149497,549,486,0,0,0,0,439,
2023,8,KEF,32651.0,439,"Keflavik/Reykjavik, Iceland",EWR,31703.0,21,"Newark, NJ",36Q,71190,0,2601,P,6,833,2,11,0,53603,0,0,8114,0,0,0,429,
2023,8,KEF,32651.0,439,"Keflavik/Reykjavik, Iceland",EWR,31703.0,21,"Newark, NJ",FI,9439A,0,2601,F,6,622,1,3,0,149497,549,549,19527,0,0,0,439,
2023,8,KEF,32651.0,439,"Keflavik/Reykjavik, Iceland",EWR,31703.0,21,"Newark, NJ",FI,9439A,0,2601,F,6,623,1,28,0,1570800,6300,5913,184111,0,0,0,439,
2023,9,EWR,31703.0,21,"Newark, NJ",KEF,32651.0,439,"Keflavik/Reykjavik, Iceland",FI,9439A,0,2601,F,6,634,1,15,0,660000,2670,2421,0,0,0,0,439,
2023,9,EWR,31703.0,21,"Newark, NJ",KEF,32651.0,439,"Keflavik/Reykjavik, Iceland",FI,9439A,0,2601,F,6,623,1,9,0,504900,2025,1593,0,0,0,0,439,
2023,9,EWR,31703.0,21,"Newark, NJ",KEF,32651.0,439,"Keflavik/Reykjavik, Iceland",FI,9439A,0,2601,F,6,626,1,1,0,81543,262,221,0,0,0,0,439,
2023,9,EWR,31703.0,21,"Newark, NJ",KEF,32651.0,439,"Keflavik/Reykjavik, Iceland",FI,9439A,0,2601,F,6,838,1,5,0,198000,796,757,0,0,0,0,439,
2023,9,KEF,32651.0,439,"Keflavik/Reykjavik, Iceland",EWR,31703.0,21,"Newark, NJ",36Q,71190,0,2601,P,6,833,2,10,0,48730,0,0,7038,0,0,0,429,
2023,9,KEF,32651.0,439,"Keflavik/Reykjavik, Iceland",EWR,31703.0,21,"Newark, NJ",FI,9439A,0,2601,F,6,626,1,1,0,81543,262,256,4235,0,0,0,439,
2023,9,KEF,32651.0,439,"Keflavik/Reykjavik, Iceland",EWR,31703.0,21,"Newark, NJ",FI,9439A,0,2601,F,6,838,1,5,0,198000,796,705,20134,0,0,0,439,
2023,9,KEF,32651.0,439,"Keflavik/Reykjavik, Iceland",EWR,31703.0,21,"Newark, NJ",FI,9439A,0,2601,F,6,623,1,9,0,504900,2025,1895,41492,0,0,0,439,
2023,9,KEF,32651.0,439,"Keflavik/Reykjavik, Iceland",EWR,31703.0,21,"Newark, NJ",FI,9439A,0,2601,F,6,634,1,15,0,660000,2670,2328,73449,0,0,0,439,
2023,10,EWR,31703.0,21,"Newark, NJ",KEF,32651.0,439,"Keflavik/Reykjavik, Iceland",FI,9439A,0,2601,F,6,634,1,19,0,836000,3382,2818,0,0,0,0,439,
2023,10,EWR,31703.0,21,"Newark, NJ",KEF,32651.0,439,"Keflavik/Reykjavik, Iceland",ADB,9488B,0,2601,P,8,880,2,1,0,264000,0,0,92178,0,0,0,488,
2023,10,EWR,31703.0,21,"Newark, NJ",KEF,32651.0,439,"Keflavik/Reykjavik, Iceland",FI,9439A,0,2601,F,6,838,1,12,0,475200,1920,1708,0,0,0,0,439,
2023,10,KEF,32651.0,439,"Keflavik/Reykjavik, Iceland",EWR,31703.0,21,"Newark, NJ",36Q,71190,0,2601,P,6,833,2,12,0,58476,0,0,7458,0,0,0,429,
2023,10,KEF,32651.0,439,"Keflavik/Reykjavik, Iceland",EWR,31703.0,21,"Newark, NJ",FI,9439A,0,2601,F,6,838,1,12,0,475200,1920,1752,45690,0,0,0,439,
2023,10,KEF,32651.0,439,"Keflavik/Reykjavik, Iceland",EWR,31703.0,21,"Newark, NJ",FI,9439A,0,2601,F,6,634,1,19,0,836000,3382,2924,92334,0,0,0,439,
2023,11,EWR,31703.0,21,"Newark, NJ",KEF,32651.0,439,"Keflavik/Reykjavik, Iceland",FI,9439A,0,2601,F,6,838,1,12,0,475200,1920,1500,286,0,0,0,439,
2023,11,EWR,31703.0,21,"Newark, NJ",KEF,32651.0,439,"Keflavik/Reykjavik, Iceland",FI,9439A,0,2601,F,6,634,1,18,0,792000,3204,2583,240,0,0,0,439,
2023,11,KEF,32651.0,439,"Keflavik/Reykjavik, Iceland",EWR,31703.0,21,"Newark, NJ",36Q,71190,0,2601,P,6,833,2,9,0,43857,0,0,6171,0,0,0,429,
2023,11,KEF,32651.0,439,"Keflavik/Reykjavik, Iceland",EWR,31703.0,21,"Newark, NJ",FI,9439A,0,2601,F,6,838,1,12,0,475200,1920,1529,47736,0,0,0,439,
2023,11,KEF,32651.0,439,"Keflavik/Reykjavik, Iceland",EWR,31703.0,21,"Newark, NJ",FI,9439A,0,2601,F,6,634,1,18,0,792000,3204,2500,61362,0,0,0,439,
2023,12,EWR,31703.0,21,"Newark, NJ",KEF,32651.0,439,"Keflavik/Reykjavik, Iceland",FI,9439A,0,2601,F,6,622,1,1,0,49832,184,158,0,0,0,0,439,
2023,12,EWR,31703.0,21,"Newark, NJ",KEF,32651.0,439,"Keflavik/Reykjavik, Iceland",FI,9439A,0,2601,F,6,838,1,8,0,316800,1280,1045,0,0,0,0,439,
2023,12,EWR,31703.0,21,"Newark, NJ",KEF,32651.0,439,"Keflavik/Reykjavik, Iceland",FI,9439A,0,2601,F,6,634,1,21,0,924000,3738,2971,0,0,0,0,439,
2023,12,KEF,32651.0,439,"Keflavik/Reykjavik, Iceland",EWR,31703.0,21,"Newark, NJ",36Q,71190,0,2601,P,6,833,2,5,0,24365,0,0,3615,0,0,0,429,
2023,12,KEF,32651.0,439,"Keflavik/Reykjavik, Iceland",EWR,31703.0,21,"Newark, NJ",FI,9439A,0,2601,F,6,838,1,8,0,316800,1280,927,42519,0,0,0,439,
2023,12,KEF,32651.0,439,"Keflavik/Reykjavik, Iceland",EWR,31703.0,21,"Newark, NJ",FI,9439A,0,2601,F,6,634,1,21,0,924000,3738,2965,83897,0,0,0,439,
